10H11 BORDEAUX,,
30 COURS DU CHAPEAU ROUGE BORDEAUX,,
53 MONDAYS BORDEAUX,,
6 DESIGN BORDEAUX,,
A2V MULTIMÄDIA BORDEAUX,,
A TO B COMMUNICATION BORDEAUX,,
ABSOLUTE RÄFÄRENCEMENT BORDEAUX,,
ADBOK DESIGN BORDEAUX,,
ADELYS NET BORDEAUX,,
ADONANTE BORDEAUX,,
AGENCE 404 BORDEAUX,,
AGENCE BUZZ BORDEAUX,,
AGENCE CAMELIA BORDEAUX,,
AGENCE CATALPA BORDEAUX,,
AGENCE EXIGENCES BORDEAUX,,
AGENCE HÄMISPHŽRE SUD BORDEAUX,,
AGENCE MWD BORDEAUX,,
AGENCE ROOT BORDEAUX,,
AGENCE WWW BORDEAUX,,
AGGELOS BORDEAUX,,
ALIENOR BORDEAUX,,
ALIZARINE BORDEAUX,,
AKSON BORDEAUX,,
ANODE ET CATHODE BORDEAUX,,
ATELIER 51 BORDEAUX,,
ATYPICOM BORDEAUX,,
AURORA STUDIO BORDEAUX,,
AUTHENTIQUE WEBMARKETING BORDEAUX,,
AXE CIBLES BORDEAUX,,
AXYSWEB BORDEAUX,,
B52 BORDEAUX,,
BACK S COMMUNICATION BORDEAUX,,
BE TOMORROW BORDEAUX,,
BEE BORDEAUX BORDEAUX,,
BELLEVUE COM BORDEAUX,,
BERNEZAC COMMUNICATION BORDEAUX,,
BORDEAUX CONSEIL BORDEAUX,,
BOX COMMUNICATION BORDEAUX,,
BSMA CONSEIL BORDEAUX,,
BULKO BORDEAUX,,
C2 STUDIOS BORDEAUX,,
CANAL COM BORDEAUX,,
CITRON PRESSÄ BORDEAUX,,
CLARIS BORDEAUX,,
CLAUDE CAZEMAJOUR BORDEAUX,,
CLEVER AGE BORDEAUX,,
CHOCOLAT NOIR BORDEAUX,,
COM BY AVM BORDEAUX,,
COM TOGETHER BORDEAUX,,
COMM SANTÄ BORDEAUX,,
COMMUNICATIV BORDEAUX,,
COMPAGNIE HYPERACTIVE BORDEAUX,,
C•TE OUEST BORDEAUX,,
CREATIVE STREET BORDEAUX,,
CTER&CO BORDEAUX,,
CURIOUS D BORDEAUX,,
CURSEUR ET BERGAMOTTE BORDEAUX,,
CWA BORDEAUX,,
CYBEL I-MAGE : BORDEAUX,,
DEF DAF BORDEAUX,,
DEFINIMA BORDEAUX,,
DEVINTIS BORDEAUX,,
DIGITALE ATTRACTIVE BORDEAUX,,
DIGITALL CONSEIL BORDEAUX,,
DO LIST BORDEAUX,,
ECOMMERCE NETWORK BORDEAUX,,
ECOUTEZ-VOIR BORDEAUX,,
EENOV BORDEAUX,,
EGUE BORDEAUX,,
ÄTUDES& MÄDIAS BORDEAUX,,
FAERIWEB BORDEAUX,,
FCM GRAPHIC BORDEAUX,,
FIRST LINK BORDEAUX,,
FORMATOUWEB BORDEAUX,,
FORGET ME NOT BORDEAUX,,
FORMATOUWEB BORDEAUX,,
FOURMIZZ COMMUNICATION BORDEAUX,,
FRIENDLY AGENCY BORDEAUX,,
FUGU BORDEAUX,,
FUTUR DIGITAL BORDEAUX,,
GENERALEADS BORDEAUX,,
GMT EDITIONS BORDEAUX,,
GO—TS DE WEB BORDEAUX,,
HEURISKO BORDEAUX,,
HORA CONSEPT BORDEAUX,,
HUDIK BORDEAUX,,
ICOM BORDEAUX,,
ICOMMÄDIA BORDEAUX,,
IDEALCOMM BORDEAUX,,
IDEVELOPPEMENT BORDEAUX,,
IDEWAN BORDEAUX,,
IDTONIC BORDEAUX,,
INCOMM BORDEAUX,,
INDIXIT BORDEAUX,,
INAATIV BORDEAUX,,
INOXIA BORDEAUX,,
JALIS BORDEAUX,,
JARDIN DES MARQUES BORDEAUX,,
KAFEINE BORDEAUX,,
KAIZEN MARKETING BORDEAUX,,
KA2 COMMUNICATION BORDEAUX,,
KN DESIGN BORDEAUX,,
KUBIK BORDEAUX,,
LA BO‘TE è LOGO BORDEAUX,,
LA COMPAGNIE HYPERACTIVE BORDEAUX,,
LA GROSSE AGENCE BORDEAUX,,
LE STUDIO BORDEAUX,,
LE VESTIAIRE BORDEAUX,,
LAPIN ROUGE BORDEAUX,,
LIBEO BORDEAUX,,
LITTLE BIG STUDIO BORDEAUX,,
M/COMM BORDEAUX,,
MAELSTROM STUDIO BORDEAUX,,
MAIL PERFORMANCE BORDEAUX,,
MANGOTANGO BORDEAUX,,
MAURICE LARGERON BORDEAUX,,
METHYS COMMUNICATION BORDEAUX,,
MIDDLE BRAIN BORDEAUX,,
MON SMOOTHIE BORDEAUX,,
MOONDA BORDEAUX,,
MY AGENCY AND I BORDEAUX,,
MY WEB SHOP BORDEAUX,,
NEST COM BORDEAUX,,
NEWTON BORDEAUX,,
NEXT WEB CONSEIL BORDEAUX,,
NP6 BORDEAUX,,
NTECH COMMUNICATION BORDEAUX,,
NUBIZ BORDEAUX,,
O TEMPORA BORDEAUX,,
OCTOPEPPER BORDEAUX,,
OFFENSIVE STUDIO BORDEAUX,,
OHMYWEB BORDEAUX,,
ONE BLOOD BORDEAUX,,
ORBITEO BORDEAUX,,
OXYGENE RP BORDEAUX,,
PAGE PUBLIC BORDEAUX,,
PARKER ET PARKER BORDEAUX,,
PASSERELLES BORDEAUX,,
PHILLIPS INTERNET BORDEAUX,,
PILE POIL BORDEAUX,,
PIXELUS BORDEAUX,,
PJC BORDEAUX,,
POAPLUME BORDEAUX,,
PROPULSEO BORDEAUX,,
PUBLICIS ACTIV BORDEAUX BORDEAUX,,
PUBLIKA BORDEAUX,,
REAL FACTORY BORDEAUX,,
SEA COMMUNICATION BORDEAUX,,
SIGNE CLAIR BORDEAUX,,
SIXIŽME AVENUE BORDEAUX,,
SIXIŽME SENS BORDEAUX,,
SMART SEVEN BORDEAUX,,
SMILE BORDEAUX,,
SêCREATIVÍ BORDEAUX,,
SOKOMM BORDEAUX,,
STJOHNS BORDEAUX,,
STUDIO ABRACADABRA BORDEAUX,,
STUDIO BOHŽME BORDEAUX,,
STUDIO BORDERLINE BORDEAUX,,
STUDIO DADA BORDEAUX,,
STUDIO POMELO BORDEAUX,,
STUDIO SILVER ARROW BORDEAUX,,
STUDIO TELEGRAM BORDEAUX,,
STUDIO VANILLE BORDEAUX,,
SYMPOZIUM BORDEAUX,,
SYSTONIC BORDEAUX,,
TAPEZ DIŽSE BORDEAUX,,
TBWA COMPACT BORDEAUX,,
TRIPLE C BORDEAUX,,
THE BRANDING AGENCY BORDEAUX,,
THE KUB COMMUNICATION BORDEAUX,,
THE WILLIS WILLIS BORDEAUX,,
UGOCOM BORDEAUX,,
UXER BORDEAUX,,
VIRTUOZO BORDEAUX,,
VITAMINE B BORDEAUX,,
WA AGENCY BORDEAUX,,
WEBPERFECT BORDEAUX,,
WEB COMPAGNIE BORDEAUX BORDEAUX,,
WEB FUTUR BORDEAUX,,
WEB REPORT BORDEAUX,,
WEB STRATÄGIES BORDEAUX,,
WEB THÄORIE BORDEAUX,,
WINE MOTION BORDEAUX,,
WONDR AGENCY BORDEAUX,,
WSB AGENCY BORDEAUX,,
VINTERNET BORDEAUX,,
VIRTUOZO BORDEAUX,,
VISTALID BORDEAUX,,
WEBULLE BORDEAUX,,
WELLCOM BORDEAUX,,
WESTCOM BORDEAUX,,
WOPATA BORDEAUX,,
XALEO BORDEAUX,,
XBOIS BORDEAUX,,
YELLOW AGENCE INTERNET BORDEAUX,,
YOO COMMUNICATION INTERACTIVE BORDEAUX,,
ZEST MARKETING BORDEAUX,,